{"cameraMode":{"drawMode":0,"name":"Shaded","section":"Shading Mode"},"sceneLighting":false,"audioPlay":false,"sceneViewState":{"showFog":true,"showMaterialUpdate":false,"showSkybox":false,"showFlares":true,"showImageEffects":true,"showParticleSystems":true},"in2DMode":false,"pivot":{"x":0.45694366097450259,"y":1.7796967029571534,"z":-0.19537198543548585},"rotation":{"x":-0.014388637617230416,"y":0.9842820167541504,"z":-0.147561714053154,"w":-0.09597359597682953},"size":1.0448360443115235,"orthographic":false}