{"cameraMode":{"drawMode":0,"name":"Shaded","section":"Shading Mode"},"sceneLighting":true,"audioPlay":false,"sceneViewState":{"showFog":true,"showMaterialUpdate":false,"showSkybox":true,"showFlares":true,"showImageEffects":true,"showParticleSystems":true},"in2DMode":false,"pivot":{"x":-0.3090376853942871,"y":-2.0178399085998537,"z":0.0765082836151123},"rotation":{"x":-0.23526418209075929,"y":0.7393354773521423,"z":-0.31986477971076968,"w":-0.5438372492790222},"size":4.513219833374023,"orthographic":false}